<?xml version="1.0" encoding="UTF-8"?>
<project-private xmlns="http://www.netbeans.org/ns/project-private/1">
    <editor-bookmarks xmlns="http://www.netbeans.org/ns/editor-bookmarks/2" lastBookmarkId="0"/>
    <open-files xmlns="http://www.netbeans.org/ns/projectui-open-files/2">
        <group>
            <file>file:/home/decker/Documentos/carpeta.java/SistemaBancario/src/sistemabancario/SistemaBancario.java</file>
            <file>file:/home/decker/Documentos/carpeta.java/SistemaBancario/src/sistemabancario/CreditoPersonal.java</file>
            <file>file:/home/decker/Documentos/carpeta.java/SistemaBancario/src/sistemabancario/CreditoEspecial.java</file>
            <file>file:/home/decker/Documentos/carpeta.java/SistemaBancario/src/sistemabancario/CreditoEmpresarial.java</file>
            <file>file:/home/decker/Documentos/carpeta.java/SistemaBancario/src/sistemabancario/Credito.java</file>
            <file>file:/home/decker/Documentos/carpeta.java/SistemaBancario/src/sistemabancario/Cliente.java</file>
        </group>
    </open-files>
</project-private>
